,id,name,city,zip
0,1,André,São Paulo,04821180
1,2,Maria,São Paulo,04821180
2,3,José,São Paulo,04821180
3,4,Ana,São Paulo,
4,6,Gabriel,São Paulo,
5,7,Thomas Chapman,Port Michaelland,07137
6,8,Mark Butler,New Dennis,80154
7,9,Mrs. Christine Richardson MD,New Allison,85078
8,10,Pamela Cruz,New Georgeview,87587
9,11,Mr. Stephen Espinoza,Jaimebury,38397
10,12,Jennifer Weaver,Hollybury,64901
11,13,John West,East Jayport,96127
12,14,Tyler White,Port Joseph,62031
13,15,Daniel Rodriguez,Vasquezbury,60435
14,16,Heather Robbins,Jenniferhaven,79112
15,17,Katie Kramer,East Williambury,31924
16,18,Crystal Mullins,East Nicholas,86876
17,19,Taylor Thompson,New Alyssamouth,26696
18,20,Dustin Richardson,Taylorberg,69318
19,21,Patrick Garcia,Lake Caleb,55611
20,22,Michael Richardson,Port Douglas,21430
21,23,Rebecca Benson,Francofurt,16340
22,24,Linda Jones,Yangport,32292
23,25,Nicholas Pittman,Port Michael,71676
24,26,Micheal Lewis,West Timothy,74489
25,27,Susan Jones,West Carrie,47550
26,28,Jennifer Moore,New George,46822
27,29,Kendra Henry,New Jake,95573
28,30,John Gomez,Basshaven,13423
29,31,Jessica Peterson,New Matthew,39874
30,32,Jessica Daniels,Barbarafurt,68945
31,33,Tyler Elliott,Mataburgh,19020
32,34,Harry Atkins,West Lori,11392
33,35,Gabrielle Jones,Ethanbury,32073
34,36,Ryan Gibbs,Port Taraland,64405
35,37,Victoria Wright,East Robynmouth,98308
36,38,David Owens,Stewartchester,10007
37,39,Sherry Williams,Lake John,37503
38,40,Michael Sims,East Patriciaburgh,16144
39,41,Mario Sherman,North Courtney,26283
40,42,Barbara Zamora,Christopherburgh,55240
41,43,Annette Watkins,Garciafurt,34859
42,44,Kimberly Foster,Brucestad,00825
43,45,Lori Warren,New Michaelshire,31530
44,46,Sarah Cox,North Christina,64611
45,47,Lisa Love,Crossmouth,60436
46,48,Cynthia Wise,Davidfurt,25782
47,49,Greg Roberts,New Jessica,84234
48,50,Zachary Woods,New Jamie,62578
49,51,Chad Fitzpatrick,Webbborough,58942
50,52,Sarah Mccoy,Taylortown,65681
51,53,Joan Villanueva,Heathmouth,40951
52,54,Amanda Brown,Perezchester,76302
53,55,Diane Kim,Glenbury,20857
54,56,Robert Hall,East Michaelaburgh,03209
55,57,Anna Graham DVM,New Gary,13775
56,58,Maria Carter,East Brianstad,35668
57,59,Brianna Rodriguez,Melissafort,67305
58,60,Michael Franklin,Rogerfort,85707
59,61,Elizabeth Davila,Raymondchester,47304
60,62,Frederick Underwood,Thomasbury,91542
61,63,Miranda Johnson,Robertstown,08903
62,64,Alyssa Petersen,Port Thomas,95792
63,65,Jessica Hernandez,Glendaville,29722
64,66,Kristina Bowen,Johnberg,16292
65,67,Nancy Holmes,Terryshire,37664
66,68,Stephanie Fletcher,East Lawrencechester,55831
67,69,Kevin Hahn,South James,13090
68,70,Tara Mcdowell,West Ernest,96600
69,71,Lisa Hayden,Lake Aliciabury,00729
70,72,Kimberly Fletcher,North Joseshire,31817
71,73,Kelly Fitzgerald,West Jennifershire,15023
72,74,Randy Castillo,South Adamchester,10096
73,75,Pamela Sexton DDS,Thompsonfort,35587
74,76,Anne Snyder,Nicoleborough,76486
75,77,Kevin Ayers,Timothybury,28730
76,78,Gregory Mason,West Amyfort,87470
77,79,Joe Osborne,East Laura,05056
78,80,Jamie Anderson,Lauratown,58128
79,81,Pamela Brown,Robinsonmouth,21924
80,82,Richard Gates,Lake Robert,47968
81,83,Bradley Gomez,West Matthew,43482
82,84,Monica Wong,Carrollmouth,70094
83,85,Bianca Smith,New Jameston,67949
84,86,Jamie Anderson,Carlsontown,04621
85,87,Eric Alexander,Port Jeffreyberg,54860
86,88,Tammy Gomez,Edwardside,64766
87,89,Melissa Patton,New Melindafort,66701
88,90,Melissa Hensley,Turnerbury,17666
89,91,Tamara Sutton,North Kevinbury,57496
90,92,Robert Moss,South Carlosside,05893
91,93,Andrea Nelson,East Virginiashire,39868
92,94,Kenneth Martinez,Hubbardstad,11609
93,95,Eric Alvarez,Baxterport,04516
94,96,Lauren Oconnell,West Shawn,05460
95,97,William Pierce,Robertville,83510
96,98,Cindy Higgins,Davidsonbury,52918
97,99,Melissa Hicks,Kevinmouth,37877
98,100,Jessica Jefferson,West Robertaberg,54787
99,101,Aaron Mata,Leonardberg,08471
100,102,Eric Gardner,North Bradleyfurt,26823
101,103,Brittany Murray,New Ralphside,61136
102,104,Michelle Tate,New Erik,17671
103,105,Christian Scott,Port Julian,16675
104,106,Melissa Horne,West Robertchester,18280
105,107,Donna Hart,Jordanmouth,90453
106,108,Ronald Aguilar,Darylborough,11081
107,109,Jean Powers,Patrickfort,26456
108,110,Cynthia Johnson,Barrberg,39245
109,111,Brian Stone,South Johnton,83583
110,112,Curtis Hernandez,Port Davidmouth,73757
111,223,Anna Flores,Alisonside,57074
112,113,Christopher Frederick,New Victoria,09091
113,114,David Espinoza,Larryburgh,08650
114,115,Anne Garza,Jasonland,01047
115,116,Victoria Richardson,Prattside,27051
116,117,Mary Hall,West Susan,47372
117,118,Terri Rodriguez,South Amanda,63910
118,119,Michael Hendricks,South Kathleen,12325
119,120,Michelle Poole,New Christopherhaven,51913
120,121,Terrence Wallace,Jillland,02091
121,122,Christopher Dyer,Jonesfort,54557
122,123,Carrie Atkinson,New Robertmouth,39410
123,124,Whitney Velasquez,Lake Rogerville,92071
124,125,Cole Romero,Briannastad,18466
125,126,Angela Johnson,Bradleyfort,71615
126,127,Ronald Blankenship,South Eric,04696
127,128,Victoria Snow,Paulabury,12404
128,129,Kristie Gonzalez,Dawnchester,52278
129,130,Cheryl Morris,Matthewton,26890
130,131,Cody Rodriguez,East Kathleenburgh,51571
131,132,Maria Hood,Carterview,69567
132,133,Linda Grant,Levychester,89442
133,134,Tracy Rodgers,South Breanna,93988
134,135,Carly Rodriguez,South Robinborough,11869
135,136,Joyce Fritz,Lake Toddchester,80977
136,137,Rhonda Daniel,Dorseyview,60380
137,138,Teresa Dawson,Brooksfort,45202
138,139,Christopher Shelton,West Brenda,39798
139,140,Gregory Mcbride,Jenniferfort,84361
140,141,Tiffany Lawrence,Lake Jamie,69773
141,142,Marcia Sampson,East Wesley,45216
142,143,Keith Branch,Wellsfurt,86111
143,144,David West,Weaverstad,79640
144,145,Keith Gonzales,West Mikestad,91616
145,146,Amber Vargas,Baileyborough,71972
146,147,Vanessa Blair,Watsonbury,75552
147,148,Marie Nicholson,Michaelville,84224
148,149,Cheryl Thornton,South Michael,83781
149,150,Marie Page,Simpsonfort,14977
150,151,Michael Cooper,New Allison,67639
151,152,Stephanie Watkins,Port Gary,60530
152,153,Martin Anderson,Medinaview,54019
153,154,Patrick Evans,East Anthony,18995
154,155,Gerald Harris,West Williamtown,96633
155,156,Morgan Perry,Howardchester,76133
156,157,Christopher Carrillo,Hillborough,65733
157,158,Elizabeth Fowler,Laurenchester,99667
158,159,Mr. Andrew Edwards,Jonshire,60279
159,160,Michelle Hardin,Garciamouth,81669
160,161,April Mullins,New Samanthamouth,78143
161,162,Misty Arellano,West Patrickmouth,67800
162,163,Adam Campbell,New Andrewchester,03603
163,164,Hannah Edwards,Galvanside,21250
164,165,Melissa Robinson,Richardsonside,30582
165,166,Benjamin Stewart,Patrickview,96315
166,167,Charles Cruz,Kennethmouth,21680
167,168,Adam Anderson,New Johnton,75199
168,169,Kristen Moses,Fernandezhaven,26568
169,170,Charles Sanchez,Cruzburgh,85828
170,171,Bobby Hanna,South Jennifer,35913
171,172,Mrs. Jessica Bradford PhD,Bennettshire,15873
172,173,Allison Gonzalez,Christopherfurt,36970
173,174,Richard Hansen,Woodborough,75919
174,175,Jennifer Torres,Kristintown,67648
175,176,Kevin Finley,North Samuel,18606
176,177,Elizabeth Blevins,Parkerbury,76778
177,178,Susan Cook,South Jessica,92394
178,179,Jessica Nguyen,Villanuevaborough,90991
179,180,Laura Jones,Wilsonfurt,82391
180,181,Courtney Gonzalez,Wendyborough,16719
181,182,Jocelyn Williamson,Joshuaville,90857
182,183,Ashley Allen,Websterville,57314
183,184,Aaron Hudson,West Kristinaview,23138
184,185,Kayla Long,East Rebekah,96710
185,186,Leslie Parker,Lake Colinfurt,19416
186,187,Robert Williams,Port Matthew,37081
187,188,John Wilkinson,West Ronniebury,37689
188,189,Katie Smith,East Nicholas,68989
189,190,Guy Rich,South Jennifer,15513
190,191,Joshua French,Lloydside,36676
191,192,Douglas Walter,North Aprilview,30382
192,193,Ashley Vaughan,Kathrynview,06696
193,194,Robyn Taylor,Port Paul,65663
194,195,Michael Bailey MD,North Randall,73441
195,196,Kenneth Johnson,West Valerieview,45030
196,197,Terry Miller,East Cindy,47701
197,198,Valerie White,Lewisstad,16085
198,199,Mackenzie Cunningham,Lake Danielside,77562
199,200,Scott Mcdonald,West Matthewland,99257
200,201,Gregory Fernandez,Edwardfort,06668
201,202,Kristen Fritz,Port Josefort,40098
202,203,Daniel Knight,North Davidborough,29152
203,204,Stephanie Lopez,Martinezshire,96498
204,205,Anna Huber,Port Edwardfurt,85868
205,206,Matthew Cooper,Dawnmouth,05096
206,207,Alisha Webb,Port Justinborough,48959
207,208,Bradley Mcpherson,Lake Misty,43739
208,209,Tammy Kim,South Adammouth,16738
209,210,Mariah Vega,South Daniel,21864
210,211,Laura Anderson,East Jacobfurt,99113
211,212,Larry Terry,Lake Alanland,50527
212,213,Jessica Mendez,West Alisha,75511
213,214,Taylor Wilkinson,Traciberg,72727
214,215,Daniel Malone,South Andrea,16333
215,216,Sara Harris,West Brendabury,97019
216,217,Christine Kennedy,Melissahaven,60738
217,218,David Stark,New Lisachester,62465
218,219,Cristina Travis,New Amanda,19716
219,220,Tony Jefferson,Loriborough,21863
220,221,Hector Mcdaniel,Haroldburgh,78874
221,222,Natalie Flores,Port Blake,76735
222,224,Joshua Fields,Lake Thomas,18912
223,225,Mary Delgado,North Ronald,27978
224,226,John Sims,Lake Claudiahaven,10017
225,227,Judy Johnson,East Jerry,45711
226,228,Brittany Davis,Lake Michael,28967
227,229,Rebecca Rivera,Ryanview,62470
228,230,Deanna Bird,West Deborah,22882
229,231,Jonathan Reed,Michaelland,61557
230,232,Tamara Galvan,North Lisa,28404
231,233,Jordan Gonzalez,West Amy,63761
232,234,Amy Rodriguez,Robertland,89086
233,235,Kevin Bennett,Curtisfort,69036
234,236,Jeffrey Mccormick,North Sarahborough,86475
235,237,Ashley Bailey,Jessicaport,88959
236,238,Randall Lopez,North Melissa,96001
237,239,Brenda Sharp DVM,Vasquezberg,82253
238,240,James Cole,Robinsonburgh,68078
239,241,David Walker,North Johnburgh,16680
240,242,Jackie Howard,North William,52991
241,243,Marc Chavez MD,East Jasonfort,23708
242,244,Linda Stone,Port Holly,92987
243,245,Virginia Byrd,Loganview,29485
244,246,Robert Frey,West Amber,10139
245,247,Michelle Barrett,North Kimberly,79972
246,248,Alexandra Willis,South Marcus,46317
247,249,Kerry Allen,East Robert,73654
248,250,Daisy Cowan,Justinberg,52440
249,251,Alexandria Graves,Kennedyport,37712
250,252,Misty Myers,Lovemouth,91746
251,253,Benjamin Shepherd,North Sarah,65523
252,254,Robert Lara,Chambersport,38136
253,255,Crystal Brown,Edwardsbury,51319
254,256,Holly Scott,East Dylanchester,68841
255,257,Sharon Martinez,Gonzalezhaven,17306
256,258,Scott Scott,Mezaberg,18139
257,259,Laura Todd,East Jasonside,61513
258,260,Meghan Kline,Benjaminfort,66075
259,261,Cole French,Dorseytown,39988
260,262,Marc Summers,Newtonbury,68252
261,263,Gina Griffin,East Eric,81096
262,264,Christopher Smith,Lake Michael,89737
263,265,Patricia Schultz,North Shawn,18319
264,266,Jason Green,Warnerside,49833
265,267,Lauren Bush,New Allison,31287
266,268,Timothy Hill,Jennyland,34004
267,269,Thomas Morris,Josephmouth,69975
268,270,Christopher Castillo,North Michael,12123
269,271,Jessica Reed,Garciahaven,11262
270,272,Marcus Porter,Owenfurt,74205
271,273,Jennifer Andrews,North Jodimouth,35243
272,274,Justin White,Michaelhaven,40899
273,275,Michelle Colon,North Jillport,21707
274,276,Hannah Dorsey,Jacobsport,03114
275,277,Brad Farley,Port Markmouth,70293
276,278,David Mccarthy,Port Jason,38432
277,279,Julia Barker,Larsonview,22588
278,280,Mike Mclean,Markfurt,12334
279,281,Antonio Davis,East Jennifer,72254
280,282,Keith Rodriguez,Lake Anthonychester,19517
281,283,Eric Adams,Sophiatown,44018
282,284,Brian Green,New Heatherside,10646
283,285,Tammy Leblanc,Lake Andrewbury,62448
284,286,Stephanie Moore,Smithborough,50459
285,287,Lisa Johnson,Lake Justinburgh,89349
286,288,Anthony Sanchez,South Paula,72761
287,289,Hannah Hart,South Alisonfort,03777
288,290,Shannon Barton,Port Elizabethview,43202
289,291,Amy Rose,Parkerside,20245
290,292,Amanda Ross,Barbaratown,19850
291,293,John Sanchez,East Valerie,88594
292,294,Luis Powers,East Michele,28857
293,295,Kathryn Garza,Bennettstad,79651
294,296,Daniel Reyes,North Michael,66567
295,297,Natalie Mckinney,Lindahaven,16560
296,298,Jamie Eaton,Jacquelineville,87903
297,299,Julie Thompson,Travisstad,18268
298,300,Jimmy Carr,Keyberg,44963
299,301,Katherine Young,Petersonchester,55435
300,302,Xavier Ellis,South Timothymouth,87571
301,303,Jessica Tyler,Guzmanhaven,47165
302,304,Roy Hughes,Kellyshire,30717
303,305,Nancy Kramer,Morganbury,59072
304,306,Tiffany Sutton,Bergerfort,59281
305,307,Shirley Nelson,Port Chad,64594
306,308,Stacey Gonzalez,North Daniel,08737
307,309,Charles Smith,Lake Peterchester,22223
308,310,John Austin,East Maryside,83457
309,311,Laura Cox,Martinezside,01166
310,312,James Anderson,New Jonathanfort,78373
311,313,Alyssa Mcconnell,Lake Desiree,94121
312,314,Thomas Macdonald,Fieldsland,04110
313,315,Paula Bauer,Ericchester,53992
314,316,Richard Ruiz,Avilaborough,77051
315,317,Edward Herring,East Barbara,68622
316,318,Benjamin Oliver,New Elizabethmouth,67409
317,319,James Pollard,New Monique,56639
318,320,Olivia Gonzales,Stewartfort,97298
319,321,Lawrence Gross,Jeremyborough,74429
320,322,Justin Curry,Anthonymouth,89457
321,323,Larry Blackburn,South Cassandratown,76703
322,324,Amanda Morrison,Tonyton,44580
323,325,Dr. Scott Jenkins II,Port Calebburgh,95098
324,326,Brian Woods,Jameston,64014
325,327,Scott Davidson,Lauriefort,98580
326,328,Tammy Gregory,North Amandaborough,32292
327,329,Albert Santiago,Port Brendaberg,92808
328,330,Thomas Gaines,South Stephen,30972
329,331,Adrian Crawford,Port James,90213
330,332,Ian Gibson,West Jacquelineland,22455
331,333,Alicia Shaw,Port Karen,02096
332,334,Julia Cox,Port Chelseafurt,62576
333,335,Diana Richmond,Spencerview,70091
334,336,William Mueller,Meadowsside,89266
335,337,Elizabeth Peterson,North Kathy,02855
336,338,Alexis Brown,East Kristenmouth,33295
337,339,Susan Weber,Meyerhaven,18557
338,340,Diane Daniels,Dylanshire,08940
339,341,William Thomas,North Ronald,34570
340,342,Amber Walker,Port Ruben,50565
341,343,Alex Johnson,Port Shellyfurt,84912
342,344,Susan Johnson,Port Cheyenneville,42765
343,345,David Parks,Blanchardfort,91275
344,346,Latoya Salazar,East Anthonyton,60919
345,347,Jeffrey Whitaker,Thomasberg,05431
346,348,Mary Davis,Javierhaven,33223
347,349,Shelby Hernandez,New John,43900
348,350,Samantha Vargas,West Luiston,96028
349,351,April Barrera,Owensside,21335
350,352,James Gay,Lisaborough,07415
351,353,Linda Allen,North Mark,30609
352,354,Christopher Brown,Lake Mariohaven,79475
353,355,Stacy Carey,Ronaldville,24302
354,356,Lisa Smith,West Jon,64710
355,357,Felicia Wiley,Edwardsfurt,68405
356,358,Katrina Rodriguez,Port Jacob,75203
357,359,Sandra Brown,Jasonmouth,41105
358,360,Steven Collins,East Jerry,76215
359,361,Yvonne Evans,Andersonton,60634
360,362,Kristen Bowen,Jeffreyshire,54771
361,363,Nicholas Miller,Richardston,55912
362,364,Rebecca Bruce,East Katrina,39569
363,365,Thomas Wolf,Vincentton,74888
364,366,Joshua Bullock,Matthewsview,21752
365,367,Susan Horn,Parkston,72724
366,368,Lauren Mendoza,Horneshire,76431
367,369,Katherine Miller,Lindaberg,16933
368,370,Denise Martin,Valdezborough,03577
369,371,Lisa Elliott,Port Derrickhaven,70759
370,372,Justin Strickland,East Lisa,18769
371,373,Richard Grant,Stokestown,19202
372,374,Carolyn Daniel,New Benjaminshire,33324
373,375,Jessica Daniels,East Blake,84624
374,376,Rhonda Cunningham,Justinside,36695
375,377,Lori Mayo,East Adamchester,74321
376,378,Joyce Rose,East Diane,39075
377,379,Erin Morrison,Mooreport,13505
378,380,Matthew Brown DVM,Jonesport,63716
379,381,Billy Harris,Williamsberg,93561
380,382,Natalie Garza,Port Jean,54278
381,383,Stephanie Lee,South Sarah,76765
382,384,Darlene Walker,Johnberg,57211
383,385,Daniel Bryant,Lake Kimberly,20418
384,386,Brandon Wallace,Youngshire,59711
385,387,Shawn Smith,West Jeffrey,97231
386,388,Ashley Mejia,South Seanhaven,65470
387,389,Thomas Owens,East Caitlinberg,19635
388,390,Gary Buchanan,North Katelyn,19943
389,391,Monica Nelson,Port Thomas,81717
390,392,Christopher Owens,North Joseph,56278
391,393,Charles Jones,North Patrickburgh,71579
392,394,Ashley Bryant,New Tyler,10022
393,395,Howard Leonard,Victoriaview,48136
394,396,Jaclyn Diaz,Danielmouth,22380
395,397,Leslie Page,Jeremyville,29593
396,398,Julie Ferguson,Lake Brianport,82527
397,399,Taylor Pham,Katiefort,07755
398,400,Anita Sherman,Harperport,57645
399,401,Rebecca Choi,Brendatown,47573
400,402,Annette Jones,Hopkinsside,59700
401,403,Joshua Vang,Lake Spencer,63069
402,404,Seth Myers,Port Nicoleport,21955
403,405,Shannon Barker,South Michaelfurt,13038
404,406,Brian Cummings,Michelletown,85640
405,407,Tyler Goodman,Hicksburgh,18594
406,408,Angela Perry,South Daniel,07897
407,409,Alexis Ramos,East Luke,21674
408,410,Carla Johnson,North Joshua,63370
409,411,Jordan Johnson DDS,East Daniel,90292
410,412,Matthew Roth,Abbottbury,45110
411,413,Shannon Burns,Lake Michelleport,32220
412,414,Philip Brown,New Amberberg,57920
413,415,Benjamin Schwartz,Amandaborough,75546
414,416,Jenna Sims,New Justin,48902
415,417,Mark Matthews,Port David,75105
416,418,Paul Marshall,Matthewport,49824
417,419,Todd Moss,East Richardmouth,47419
418,420,Denise Ortiz,Kimberlyton,42667
419,421,James Gonzalez,Lake Micheal,70196
420,422,Cassandra Shepherd,North Jeffrey,27724
421,423,Matthew Stevens,Pearsonmouth,13849
422,424,Steven Fisher,East Jacob,04313
423,425,Elizabeth Thompson,Meganfort,46970
424,426,Robert Page,East Scottland,38864
425,427,Janet Brown,Mirandaside,08642
426,428,Brian Evans,North Gabriel,63607
427,429,Megan Richardson,South Danielberg,47736
428,430,Richard Monroe,Jenkinsburgh,54000
429,431,Michael Nicholson,Christyland,42120
430,432,Mark Ho,Smithberg,15913
431,433,Michael Wagner MD,Alexistown,85458
432,434,Michelle Evans,East Alexis,70004
433,435,Joseph Miller,New Davidton,79837
434,436,Miranda Davis,Eileenfurt,99679
435,437,Joshua Lawrence,Moraville,46029
436,438,Luke Hall,Phillipsmouth,26072
437,439,Steve Buckley,Kimberlyhaven,52621
438,440,Joel Rubio,Angelabury,84970
439,441,Christopher Martin,New Jason,81746
440,442,Jamie Henry,Martinshire,93806
441,443,Nicholas Bell,Martinside,55528
442,444,Isaac Moreno,North Nicholas,70588
443,445,Glen Rosales,Tuckerfort,04945
444,446,Stephanie Copeland,Flemingfort,66254
445,447,Ruben Gutierrez DDS,Port Jared,67092
446,448,Andrew Gentry,South Timothy,85949
447,449,Daniel Allen,Eugenemouth,60602
448,450,Todd Leblanc,Karenshire,80411
449,451,Kelly King,Munozberg,36907
450,452,Joseph Weiss,Smithville,16672
451,453,Daniel Mccarty,New Timothy,82343
452,454,Tammy Small,North Alexmouth,43509
453,455,Danielle Kirby,Lake Margaret,65040
454,456,Holly Medina,West Amandaview,18666
455,457,Michelle Arroyo,New Aaronhaven,42326
456,458,Erik Jensen,East Ashley,26366
457,459,Jack Briggs,East Jennifer,35757
458,460,Veronica Gonzales,Port Douglastown,41478
459,461,Jordan Myers,Porterstad,30696
460,462,Maxwell Shaffer,Port Derekshire,90712
461,463,Zachary Dean,East Kellymouth,15043
462,464,Sean Craig,South Jessica,81995
463,465,Christopher Carlson,Lake Matthewburgh,62596
464,466,Anna Woodard,Reedburgh,92597
465,467,Emily Jackson,South Cody,50822
466,468,Dr. Brian Farley,New Joshuafurt,15472
467,469,Larry Thompson,Roachfurt,20057
468,470,Dennis Miller,Dawnhaven,46935
469,471,Mary Torres,Smithchester,35243
470,472,James Adams,Lisamouth,09610
471,473,Jessica Buchanan,Adamhaven,53837
472,474,Thomas Hopkins,East Angel,65947
473,475,Amber Martinez,Connerbury,06004
474,476,Justin Farmer,West Gilbertton,97562
475,477,Mr. Christian Jones,Brooketon,57028
476,478,Emily Avila,Dawnborough,86683
477,479,Antonio Howell,Kennethton,56651
478,480,Antonio Cook,South John,81802
479,481,Joseph Jackson,Griffithtown,43006
480,482,Nathan Sherman,Kathystad,06952
481,483,Mr. Ronald Franco Jr.,South Danaview,72684
482,484,Stephanie Flores,Clarkport,48277
483,485,Steven Mendoza,Port Lindashire,45446
484,486,Maria Martin,Mendozaview,32180
485,487,Kevin Hunt,Ericashire,84517
486,488,Brenda Hart,Chrischester,64002
487,489,Matthew Holloway,Thomastown,05131
488,490,Joann Thompson,North Matthewchester,80452
489,491,Kayla Jacobs,Hopkinsfort,48096
490,492,David Cain,Myerschester,94092
491,493,Patrick Anderson,West Markside,29409
492,494,Marcus Alexander,New Tina,25658
493,495,James Kelley,South Matthew,64258
494,496,Eileen Hernandez,New Brandy,58694
495,497,Sandra Ferguson,Bellfort,52543
496,498,Lindsey Hansen,Johnmouth,17673
497,499,Nicholas Gomez,Paulstad,10784
498,500,Hannah Haley,Port Robert,09432
499,501,Christina Todd,Sergiochester,54176
500,502,Andrew Bauer,South Mark,32186
501,503,Taylor Jones,Port Ethan,23143
502,504,Barbara Rangel,Jordanfort,02369
503,505,Tracy Hernandez,Port Sethville,79758
504,506,Stephanie Moore,Travisville,19126
505,507,Regina Mejia DVM,Port Patrickborough,02624
506,508,Jack Miller,Williamsview,84477
507,509,Mr. David Garcia,New Keithshire,12651
508,510,Terri Harding,Lake Jenniferland,44791
509,511,Michael Stephens,Kaiserton,93877
510,512,Jim Garcia,New Brittanytown,54637
511,513,Amanda Carroll,Smithhaven,02776
512,514,Ashley Thompson,Kristinatown,27260
513,515,Dr. Nancy Henderson DDS,East Matthew,09074
514,516,Katie Mcconnell,West Laura,36924
515,517,Anna Potter,West Melissa,85822
516,518,Christopher Young,Tracyberg,52851
517,519,Heather Griffin,Hoodborough,87184
518,520,Brittany Franklin,North Jesusmouth,68299
519,521,Peter Campbell,Port Aprilmouth,74989
520,522,Peggy Price,Codyport,94449
521,523,Brandon Norton DVM,Lake Craig,97050
522,524,Kelsey Lopez,North Davidmouth,34104
523,525,Daniel Pitts,North Carolynshire,32479
524,526,Jeff Cameron,New Jeffreymouth,40580
525,527,Melissa Thompson,West Scott,50262
526,528,Vanessa Watkins,Torrestown,99071
527,529,Anna Landry,West Brendaburgh,47947
528,530,Adam Johnson,New Robertoview,86868
529,531,Mr. Joseph Pace,South Jefferytown,01733
530,532,Chad Ross,Oconnorland,15421
531,533,Stephanie Miller,Lake Catherine,82906
532,534,Michael Tran,Shelleyport,16927
533,535,Christina Skinner,West Sherriport,23549
534,536,Jay Smith,East Alexandraberg,63247
535,537,Mark Stephens,Phillipsberg,93775
536,538,Patricia Roberts,Lake Nicoleside,82908
537,539,Melissa Lewis,Port Terranceview,22738
538,540,Andrew Rodriguez,Debbieside,33086
539,541,Kara Scott,Timothychester,27294
540,542,Caroline Smith,West Karenberg,27721
541,543,Robert Thompson,South Lisastad,83211
542,544,Dr. Penny Jackson,Gillton,34447
543,545,Russell Love,Contrerasfort,91686
544,546,Sean Rodriguez,Stephanieburgh,64756
545,547,Jesse Mclaughlin,West Brian,17707
546,548,Molly Thomas,New Garychester,10151
547,549,John Lewis,Rileyburgh,83827
548,550,Tammy Morris,South Erinberg,97252
549,551,Rachel Ryan,Lorihaven,50577
550,552,Courtney Johnson,Patrickborough,18993
551,553,Carol Reed,North Kimberly,52616
552,554,Michele Murray,Tinaville,77580
553,555,Bryan Cox MD,East Brianfort,57832
554,556,Deanna Chen,New Robertfurt,23447
555,557,Henry Peterson,East Billfurt,17913
556,558,Heather Bailey,Aprilfurt,00963
557,559,Tammy Bennett,Lunamouth,88817
558,560,John Larson,Lake Austinville,33493
559,561,Rebecca Rodriguez,Waltonville,22818
560,562,Allison Hernandez MD,Williamsbury,84484
561,563,Ashley Buchanan,West Joanne,80428
562,564,Teresa Walsh,Meaganberg,39873
563,565,Heather Williams,Masonchester,77235
564,566,Willie Snyder,Kimborough,30500
565,567,Antonio Roberts,Ericachester,38288
566,568,Jonathan Brown,Davidchester,14983
567,569,Nathan Reyes,Robertside,40641
568,570,Andrew Jackson,Meyershaven,25693
569,571,Rebecca Ryan,Matthewville,27103
570,572,Daniel Owens,Cindyhaven,80566
571,573,Frank Le,East Teresaville,21002
572,574,Jennifer Douglas,Millerhaven,35589
573,575,Joseph Carr,New Karen,95758
574,576,Melissa Owens,Beardhaven,64297
575,577,Laurie Armstrong,West Blakebury,33963
576,578,Maria Price,South Felicia,19940
577,579,Matthew Wade,Johnside,94108
578,580,Derek Page,Jarvisland,82557
579,581,Jason Moore,Port Bruce,05263
580,582,Kelly Byrd,Williamfort,71959
581,583,Matthew Joyce,South Anthonytown,29354
582,584,Danielle Thornton,Port Jacqueline,05260
583,585,Eric Brooks,South Wayne,25888
584,586,Elizabeth Webb,Millerview,90436
585,587,Brooke Bryant,Sheilaside,23723
586,588,Erika Leblanc,South Darrell,08152
587,589,Mr. Ronnie Collins,Johnsontown,22297
588,590,Jamie Miller,Jonesburgh,94423
589,591,Shawn Mitchell DDS,Jameston,07086
590,592,Samuel Martinez,Jessicafurt,71210
591,593,John Roach,Judytown,68664
592,594,Sara Gomez,Port Deborah,16154
593,595,Amber Mitchell,Markfurt,49682
594,596,Tyler Frost,Lake Sethview,06760
595,597,Jose Davis,South Alexandrachester,38360
596,598,Julie Howell,Robbinsville,57323
597,599,Nancy Duran,Charlesstad,36185
598,600,Christy Frye,Hallview,43987
599,601,David Davis,Langburgh,76753
600,602,Megan Lewis,Adamsview,88240
601,603,Douglas Robinson,Tannermouth,12266
602,604,Cynthia Rivera,North Marcus,73695
603,605,Jennifer Estrada,Melissatown,49315
604,606,Amy Smith,Robertberg,57986
605,607,Larry Buck,East Davidmouth,94512
606,608,Samantha Harris,Loganshire,94536
607,609,Michael Reed,New Michael,63119
608,610,Paul Smith,Morrisfurt,56485
609,611,Steve Rogers,Johnmouth,50809
610,612,Alison James,Daviston,38720
611,613,Kelly Orr,Karibury,70828
612,614,Rachel Kent,Melissaville,82671
613,615,Renee Norman,Chanshire,00577
614,616,Evelyn Moran,Karenland,23837
615,617,Joshua Johnson,West Misty,49977
616,618,Ryan Walton,West Madisonberg,78327
617,619,Sarah Wilson,Andrewmouth,14673
618,620,Mark Wheeler,Davidfort,98933
619,621,Robert Scott MD,Transhire,12980
620,622,Joseph Bradley,Lopezstad,20300
621,623,Adam Peterson,Lake Nicolebury,77401
622,624,David Smith,Warrenville,93621
623,625,Ian Campbell,Alexandraport,08027
624,626,Juan Jefferson,Richardsside,18081
625,627,Diana Thomas MD,North Jameschester,77533
626,628,Nathan Mcmahon,South Loganland,54371
627,629,Caleb Young,Guerraville,00945
628,630,Karen Alvarez,Simmonsfort,11569
629,631,Stephanie Hayes,Skinnershire,19028
630,632,Mary Jensen,Bridgesburgh,28346
631,633,Donald Miller,Hollystad,56264
632,634,Amber Lewis,Lake Feliciamouth,56300
633,635,Matthew Thomas,Cathyville,12557
634,636,Matthew Carlson,Lake Stephanieport,68819
635,637,Gabriela Hall,Williamton,70090
636,638,Brittany Johnson,East Nathan,44241
637,639,Tammy Foster,Sarahville,60191
638,640,Mr. Samuel Johnson,East Franklin,65234
639,641,Edgar Montoya,Port Matthew,97526
640,642,Sharon Beltran,Rickyside,82451
641,643,Robert Lyons,South Matthew,20191
642,644,Danny Mckee,Cortezville,49172
643,645,Bryan Spence,Elizabethborough,42424
644,646,Diane Lane,Danielmouth,60527
645,647,Jacqueline Reynolds,West Barbara,48696
646,648,James Lewis,Julieview,31269
647,649,Sheri Reeves,Paulbury,24749
648,650,Denise Martin,Daltonbury,53121
649,651,Amanda Russo,East Brandifurt,95990
650,652,Teresa Marquez,West Matthewburgh,85781
651,653,Joshua Lawrence,North Robert,67642
652,654,Jonathan Hayes,Lake Rachel,55258
653,655,Mr. Connor Pope,East Joshualand,03825
654,656,Kyle King,New David,26130
655,657,Christine Coleman,Lawrenceland,14739
656,658,Jonathan Morris IV,West Gregoryview,37051
657,659,Peter Christensen,West Carlfurt,03721
658,660,Monica Schultz,West Daniel,70280
659,661,Erica Dominguez,Curtisfort,33977
660,662,Lori Rios,Thomaschester,11972
661,663,Sarah Rivera,Cynthiaport,56936
662,664,Nicholas Moss,Hannahberg,16334
663,665,Chelsea Mason,Davidmouth,76554
664,666,Rebecca Thompson,West Matthewborough,87289
665,667,Vanessa Robinson,Bennettport,34287
666,668,Lisa Riley,Griffinton,95003
667,669,Taylor Hendricks,West Kelseyhaven,15033
668,670,Matthew Lane,Daniellechester,52788
669,671,Audrey Ellis,South Devinhaven,88580
670,672,John White,West Erica,91630
671,673,Claire Oliver,South Jerryhaven,25272
672,674,Billy Hanna,Kathleenport,69632
673,675,Jeffrey Dawson,Piercemouth,51365
674,676,Ann Burke,New Chadhaven,76529
675,677,Shawna Norman,Howellport,04572
676,678,David Johns,Port Jackiestad,23567
677,679,Victoria Mendez,Port Alexanderport,72640
678,680,Kimberly Kidd,Richardborough,16379
679,681,Travis Hunter,Williamsside,40143
680,682,Angela Fernandez,Wardside,81090
681,683,Steven Garcia,Gloriaview,69965
682,684,Derrick Reyes,East Brittanymouth,57789
683,685,Deanna Scott,West Douglasmouth,21045
684,686,Joan Gonzales,Powellbury,35412
685,687,Jessica Rios,North Paul,84819
686,688,Kenneth Carter,Johnville,07176
687,689,Sheila Curtis,Cunninghamberg,07857
688,690,Christopher Garcia,Marshallstad,36180
689,691,Latoya Mejia,Xaviermouth,39473
690,692,Robert Blankenship,Robinview,93240
691,693,Michael Elliott,Dustinside,61245
692,694,Krista Castillo,East Nicholastown,41054
693,695,Bobby Brown,Danielshaven,01428
694,696,Chris Mccormick,South Ruthbury,27972
695,697,Kathleen Martinez DVM,North Nicholasland,36118
696,698,Nathan Thornton,West Deanville,27061
697,699,Johnathan Hendrix,West Jason,79566
698,700,Cynthia Owens,Martinezhaven,59234
699,701,Loretta Simpson,Robertland,12266
700,702,Matthew Herman,West Gregory,08867
701,703,Elizabeth Smith,Thompsonchester,81225
702,704,Donna Davis,Shariville,92701
703,705,Edwin Liu,Carolynborough,54665
704,706,Nathan Booth,Lake Christopher,07416
705,707,Richard Lee,Marksborough,32661
706,708,Melissa Kelly,New Lisachester,31255
707,709,Kurt Young,Connorburgh,47101
708,710,Jonathan Taylor,Princeberg,58247
709,711,Brittany Gardner,Danielsville,60836
710,712,Pamela Anderson,Port Jeffreyport,74616
711,713,Jon Mcgee,Anthonyfort,72897
712,714,Jeanette Weber,Riosland,71943
713,715,Richard Harris,Robertsfurt,25283
714,716,Jonathan Taylor,Thomasside,42425
715,717,Margaret Burke,New Carolyn,94737
716,718,Kevin Neal,Melaniefurt,15425
717,719,Sarah Jones,Colinport,45262
718,720,Grant Williams,North Deborah,53872
719,721,Amy Montoya,Elaineview,59229
720,722,Steven Dougherty,North Charles,52343
721,723,Clayton Webb,Jacquelineton,20792
722,724,Laura Macias,Hannahville,75372
723,725,Joseph Jones,West Craig,99316
724,726,Megan Miller,South Charles,86801
725,727,Morgan Hutchinson,Ashleybury,72181
726,728,Jeffrey Garcia,Mcgeefurt,99276
727,729,Anna Smith,Underwoodberg,38687
728,730,Brandy Baker,Kellyville,40734
729,731,James Rogers,Jamesland,87147
730,732,Rebecca Lawson,West Adam,30761
731,733,James Wade,South Mary,88801
732,734,Amanda Bell,Martinport,43503
733,735,Aaron Buck,West Jennifer,08985
734,736,Diana Buchanan,Michaelmouth,67642
735,737,Terrence Weiss,South Kristenfort,91354
736,738,Gwendolyn Dougherty,New Jeffreyborough,03497
737,739,Todd Foster,Jenniferfurt,32191
738,740,Samantha Landry,Morrisonborough,19328
739,741,Michael Bryant,Aguilarchester,46286
740,742,Emily Lee,Jennifermouth,29229
741,743,Elizabeth Manning,North Alicia,13271
742,744,Terri Mack,New Stephanie,42412
743,745,Shelby Garcia,West Bradleyton,76463
744,746,Benjamin Reid,Paulville,92149
745,747,Vernon Hill,Flemingberg,78757
746,748,Shannon Townsend,West Danielbury,60346
747,749,John Davis,Moniquetown,14539
748,750,Jeremy Richard,West Andrew,86343
749,751,Theresa Martinez,Lake Jessicachester,52128
750,752,Judy Harris,Smithmouth,52874
751,753,Donna Evans,Lake Antonio,38738
752,754,Thomas Barnes,Simsstad,57550
753,755,Brian Kelley,North Briana,82897
754,756,Ronald Fleming,Davidfurt,13854
755,757,Matthew Ward,East Adrianmouth,98761
756,758,Logan Salas,Jimenezview,79175
757,759,Christina Gibson,South Kevin,96040
758,760,Michael Davidson,New Victoria,21003
759,761,Eric Warren,West David,09034
760,762,Kimberly Blanchard,Lake Kristen,62304
761,763,Edward Rivera,Port Samantha,23724
762,764,Kevin Smith,Knightberg,23146
763,765,John Arias,West Anna,50900
764,766,Frederick Dalton,Jamesside,22054
765,767,Mr. Eric Stephens PhD,Maryside,89997
766,768,Jennifer Rivera,Lisaburgh,82624
767,769,Connie Moore,Collinshaven,32863
768,770,Lisa Roberts,Carrollside,86726
769,771,Jill Washington,Danielside,96093
770,772,Sandra Browning,North Tommy,10776
771,773,Emily Anderson,Port Justinview,49213
772,774,Monique Price,South Julieburgh,28203
773,775,Rebecca Jones,Christianside,93466
774,776,Connor Harrison,Port Richardfurt,48137
775,777,Jordan Carter,West Jackmouth,21546
776,778,James Collier,New Megan,79283
777,779,Randall Kemp,Joyborough,34860
778,780,Laura Valdez,Deborahshire,43856
779,781,Alicia Parks,Vargastown,20899
780,782,Lee Johnson,Jimmyburgh,70113
781,783,Shelia Torres,Keithshire,93534
782,784,Donald Hall,Christensenburgh,10214
783,785,Kevin Ortiz,Friedmanburgh,29166
784,786,Ernest Dillon,Lake Antonio,59900
785,787,Nicole Farrell,Kristinaton,67032
786,788,Natalie Cook,Millerhaven,34483
787,789,Mary Martin,North Derek,31108
788,790,Mark Chambers,Tracyberg,39006
789,791,Mark Davis,North John,32252
790,792,Scott Caldwell,East Sarahstad,31157
791,793,Ryan Jackson,Susanburgh,70737
792,794,Robert Diaz,North Amy,00774
793,795,Connor Chavez,Maryton,03756
794,796,Louis Lang,Abbottland,57071
795,797,Ryan Guerrero,Port Alexander,47828
796,798,Brendan Wilcox,Woodmouth,38398
797,799,Beverly Salas,East Joshua,73230
798,800,Denise Suarez,Jordanstad,77406
799,801,Laura Rose,Alisonfort,25059
800,802,Paul Mitchell,Crystalhaven,41913
801,803,James Hurley,Port Leslie,72964
802,804,Teresa Davis,South Williamland,78957
803,805,Alexis Castro,East Michaelborough,57557
804,806,Robin Lewis,Lorifurt,97577
805,807,Elizabeth Montoya,East Samanthachester,88210
806,808,Julie Williams,Blackhaven,99589
807,809,Jill Patton,West Kevin,66034
808,810,Nancy Shields,Marktown,86668
809,811,Haley Sullivan,Johnsside,12382
810,812,Michael Lawson,Timothytown,06291
811,813,Michael Jenkins,Smithland,54336
812,814,Patrick Smith,Amberstad,53641
813,815,John Thomas,Valerieland,35368
814,816,Stephanie Perry,Francisburgh,53413
815,817,Adam Todd,Shaunmouth,02808
816,818,Adrian Garcia,New Patrickhaven,57972
817,819,Dylan Reeves,Stephenstad,19657
818,820,Heather Hartman,North Scott,56667
819,821,Gregory Parker,Whiteberg,64145
820,822,Donald Shepherd,Jennytown,34847
821,823,Laura Simpson,South Christophertown,57333
822,824,Kathleen Wade,South Heather,23960
823,825,William Hood,Port Steven,88441
824,826,Deborah Walls,Myersfort,77822
825,827,Benjamin Bautista,Wareshire,72096
826,828,Michael Thomas,Greenborough,44939
827,829,Heather Nelson,East Johnville,68824
828,830,Jimmy Hill,Debraville,91068
829,831,April Adams,East Adamside,34107
830,832,David Green,Lake Dennis,25712
831,833,Bonnie Reyes,Philipstad,80623
832,834,Mr. Stephen Collins,Nicoleview,55263
833,835,Eric Contreras,East Marymouth,13814
834,836,Veronica Gomez,Jonesmouth,23397
835,837,Janice Davis,Phillipfurt,78786
836,838,Jaclyn Martinez,Jessicastad,86702
837,839,Colleen Singh,Wesleymouth,62968
838,840,Mrs. Patricia Williams,North Andrewburgh,57074
839,841,Elizabeth Horn,North Thomas,96676
840,842,Lauren Booth,Brownmouth,01774
841,843,Ricky Wallace,Ericmouth,76058
842,844,Whitney Elliott,South Adam,86525
843,845,Christopher Davis,Hallville,43172
844,846,Anthony Moore,New Angelaside,91745
845,847,Nathaniel Richardson,Veronicabury,36456
846,848,Christine Floyd,New Charlesville,79053
847,849,Holly Hudson,Johnsonfurt,68798
848,850,Alicia Murphy,East Brian,19182
849,851,Taylor Johnson,Gomezside,81437
850,852,Michael Bentley,Greenville,67303
851,853,Kelly Price,Lake Davidmouth,76529
852,854,Susan West,Ambermouth,28671
853,855,Devin Gonzalez,Martinfort,27689
854,856,Catherine White,Lake Tamara,92272
855,857,Johnny Christian,West Pam,52951
856,858,Jeffery Schmidt,Caseytown,98608
857,859,Alyssa Weber,West Daniellestad,77001
858,860,Stacy Davis,Tinaport,64703
859,861,Christopher Taylor,West Jasmine,59746
860,862,William Greene,South Sherryland,87508
861,863,Victoria Olsen,South Melinda,48210
862,864,Carlos Clark,Jorgeside,51647
863,865,Michael Fields,Reginabury,23494
864,866,Kathy Moore,West Matthew,54185
865,867,Julie Welch,East Lindachester,45489
866,868,Sarah Miranda,Colemanberg,94390
867,869,Regina Williams,West Brianborough,51113
868,870,Alexander Phelps,Williamsberg,99584
869,871,Joshua Randall,Port Kathleen,29515
870,872,James Carter,West Michaelmouth,61389
871,873,Jose Lee,Amandaburgh,54639
872,874,Angela Webb,Port Teresa,75501
873,875,Lacey Peck,Sarahland,25421
874,876,Johnathan Snyder,East Stephanieberg,51641
875,877,Katherine Foster,Lake Rebeccaberg,39420
876,878,Anthony Ortega,New Jamestown,14719
877,879,Karen Barrett,East Teresaburgh,07704
878,880,Russell Cohen,South Jill,47298
879,881,Ronnie Gonzalez,Markfort,16861
880,882,Karina Mccoy,Rodriguezton,57841
881,883,Gregory Caldwell,East Williambury,67103
882,884,Nicole King,North Kevin,19599
883,885,Charles Griffin,Maldonadobury,70795
884,886,Leah Eaton,Fieldschester,84800
885,887,Kirsten Edwards,Anthonystad,71681
886,888,Victoria Moore,Port Christopherside,69521
887,889,Blake Page,Angelashire,44899
888,890,Barbara Thompson,Port Terrimouth,27662
889,891,Natalie Baldwin,Ramirezburgh,20215
890,892,Angela Harmon,Lake Brandyfort,26276
891,893,Kimberly Sanchez,Lake Rebeccabury,18607
892,894,Jasmine Hawkins,East James,90529
893,895,Heidi Perry,Mathismouth,46144
894,896,Bruce Gutierrez,Jeffreymouth,27833
895,897,Jennifer Proctor,Davidmouth,74137
896,898,Benjamin Andrade,South Ashleyville,80533
897,899,Melissa Kelly,Wilsonfort,87477
898,900,Richard Barnett,Clarkport,46690
899,901,Jennifer Walker,East Ryantown,19401
900,902,James Herrera,Port Bradleybury,77634
901,903,Clayton Davis,Ruizburgh,48951
902,904,Brian Diaz,Port Billy,09999
903,905,Casey Hicks,East Daisyburgh,85514
904,906,Kelly Oconnor,Port Johnberg,17808
905,907,James Miles,West Matthewhaven,96545
906,908,Andrea Alvarado,Robertberg,19652
907,909,Curtis Robinson,West Kaylaville,22101
908,910,Robert Kelley,South Joshua,70416
909,911,Heather Horton,Lake Victorview,90664
910,912,Nathaniel Lamb,East Dillonton,94140
911,913,Tammy Beltran,Smithland,79867
912,914,Daniel Robinson,Timothystad,85903
913,915,Justin Reed,West Kellyborough,72948
914,916,Shelby Crawford,Martinezbury,74842
915,917,Willie Olson,Robertland,22498
916,918,Mallory Melton,Ortizport,55968
917,919,Brandi Walker,Darrenburgh,77878
918,920,Mrs. Stephanie Clark,Christineport,13331
919,921,Jaclyn Fowler,Calebport,34172
920,922,Erika Payne,Buchananview,16894
921,923,Taylor Clarke,East Stephanie,59590
922,924,Christine Prince,West Laura,97045
923,925,Walter Sanchez,Robersonside,46425
924,926,Charles Arnold,North Joseph,06638
925,927,Kathleen Ford,North Catherine,00756
926,928,Miranda Patterson,West Aliciamouth,70279
927,929,Cheryl Anderson,Jessicaville,75516
928,930,Antonio Moore,Lake Marilyn,19160
929,931,Tracey Sutton,Lake Jennifer,20802
930,932,Cynthia Holmes,West Williamfort,51842
931,933,Kara Miller,South Jeff,80640
932,934,Cynthia Davis,Jeffreybury,53137
933,935,Crystal Arnold,Williamview,24451
934,936,Mark Kaiser,East Julian,78721
935,937,Amanda Watson,New Colleenside,57202
936,938,Courtney Garcia,Port Tracey,54255
937,939,Andrew Reese,West Tinastad,26016
938,940,Jamie Frazier,South Michael,25246
939,941,Jeffrey Casey,West Nichole,50076
940,942,Stephanie Nichols,Michaelfurt,99840
941,943,Thomas Johnston,Terristad,35045
942,944,Larry Olson,Moralesside,14974
943,945,Elizabeth Greene,Port Jeffreyland,96328
944,946,Debra Mccarthy,Port Nathan,80280
945,947,William Smith,Gonzalezmouth,74360
946,948,Christine Bishop,Hansenchester,56270
947,949,Gary Rojas,Timothyview,37811
948,950,Rhonda Bryan,Tiffanyview,40422
949,951,Debra Terry,Wrightside,80677
950,952,Philip Elliott,Lake Pamelastad,23098
951,953,Michael Valentine,Wheelermouth,79911
952,954,Margaret Murray,East Erik,63834
953,955,David Quinn,New Christopherland,46772
954,956,Morgan Rivas,Estradachester,78678
955,957,Virginia Garcia,Williamsfurt,75612
956,958,Brandon Evans,Scottville,19622
957,959,Vanessa Webb,Lake Jackson,19045
958,960,Jonathan Edwards,South Alyssabury,23214
959,961,Brian Carey,Lake Michaelview,48372
960,962,Jenna Compton,East Sean,44860
961,963,Stephen Rodriguez,Daughertyborough,93239
962,964,Casey Ramos,Bernardtown,98195
963,965,Joel Wilson,Moniquetown,71970
964,966,Tonya Lopez,North Keithtown,59252
965,967,Lisa Lam,Watsonmouth,24589
966,968,Jason Parker,West Allison,88726
967,969,Steven Hill,South Christinaberg,81642
968,970,Lisa Lawrence,Port Kaylaville,96566
969,971,Heather Fernandez,Robinsonport,85392
970,972,Emily Horton,North Christopher,25490
971,973,David Miller,East Markport,34216
972,974,Harry Potter,Lancemouth,90368
973,975,Michael Bush,South Joseph,22167
974,976,Christopher Martinez,Michaelview,58795
975,977,Shawna Ochoa,Collinsmouth,32349
976,978,Charles Houston,Port Kim,09161
977,979,James Downs,Kevinton,81350
978,980,James Russell,Jamesport,93818
979,981,Rebecca Barker,Jenniferfurt,13456
980,982,Yolanda Peters,New Lori,12775
981,983,Caleb Hickman,Jacobstad,13333
982,984,Jonathan Johns,North Jenniferhaven,89502
983,985,Stephanie Brown,Kimberlyland,42286
984,986,Jason Adkins,Lanefurt,46331
985,987,James Richardson,South Katelynmouth,64622
986,988,Aaron Crawford,Port Richard,44201
987,989,Carmen Kim,Johnton,49256
988,990,Valerie Warner,Patriciashire,31557
989,991,Kellie Nguyen,Keithland,83311
990,992,Holly Graham,Stevenchester,68619
991,993,Tracy Cook,New Robert,90646
992,994,Nancy Garcia,Wilsonfurt,85916
993,995,Sean Porter,South Whitney,65523
994,996,Kiara Howard,West Maryville,19318
995,997,Lynn Lee,East Matthewbury,57085
996,998,Kristy Salazar,Vegaville,75805
997,999,James White,Lake Jonbury,58922
998,1000,Jill Lang,Port Samanthafurt,78051
999,1001,Mr. Justin Powell,Medinafurt,97033
1000,1002,John Browning,Lake Jeffrey,39175
1001,1003,Justin Marshall II,Smithburgh,18307
1002,1004,Sharon Morrison,Kentside,93147
1003,1005,Kathleen Rodriguez,Markland,97720
1004,1006,Alexander Cameron,Port Anthony,02335
1005,1007,Travis Shaw,South Kevinton,00578
